Country/City, Gender, Average Income In USD
India,F,2203.8545454545456
India,M,49340.674747474746
Singapore,F,5.243637E7
USA,M,3.940543495E8
